sep=;
Thema;Type;Leeftijdsgroep;Materiaal;Locatie (magazijncode);Bron foto
1001 ballen en bellen;kamp;KL;1 zwarte curver - Miniternis;H26;foto1
1001 ballen en bellen;kamp;KL;1 LS bak 2/4;H53;foto1
1001 ballen en bellen;kamp;KL;1 LS bak 3/4;H55;foto1
1001 ballen en bellen;kamp;KL;1 LS bak 4/4;H55;foto1
1001 ballen en bellen;kamp;KL;1 gele zak - Handbalspakket;H57;foto1
1001 ballen en bellen;kamp;KL;1 LS bak - Kinball en Zwoftbal;H70;foto1
1001 ballen en bellen;kamp;KL;1 gele zak - Mini rugby;H70;foto1
1001 ballen en bellen;kamp;KL;1 KL bak 1/4;H70;foto1
1001 ballen TD;TD;KL;1 gele zak 2/3;N20;foto1
1001 ballen TD;TD;KL;1 gele zak 1/3;J43;foto1
1001 ballen TD;TD;KL;1 gele zak 3/3;J44;foto1
1001 ballen TD;TD;KL;1 curver bak;J45;foto1
Adventure 3-daagse;kamp;LS;Lasershoot en obstakels (4 KL bakken);C09;foto1
Adventure 3-daagse;kamp;LS;Boogschiet (grote houten bak + doelen);N02;foto1
Adventure 3-daagse;kamp;LS;Archery tag;;foto1
Adventure 3-daagse;kamp;LS;Boogschiet (grote houten bak + doelen);;foto1
Adventure 3-daagse;kamp;LS;Archery tag;;foto1
Adventure 3-daagse;kamp;LS;Archery tag;Beneden;foto1
Adventure mix;kamp;LS;Archery tag (met 4x gps en orienterloop);Beneden;foto1
Adventure mix;kamp;LS;20 x gebruikt MTB;D21;foto1
Adventure mix;kamp;LS;1 LS bak 2/2;E27;foto1
Alice in wonderland;kamp;KLS;1 KL bak 1/2;N98;foto1
Alice in wonderland;kamp;KLS;Decor: 2 bomen, 2 paddenstoelen, 1 kat, 1 deurtje;;foto1
Alice in wonderland;kamp;KLS;blauw PVC buizen;;foto1
Alice in Wonderland TD;TD;KLS;1 groene curver;I13;foto1
De kleuren van de regenboog TD;TD;;1 groene curver;I13;foto1
Allemaal beestjes;kamp;KL;1 LS bak 1/2;C01;foto1
Allemaal beestjes;kamp;KL;1 LS bak 2/2;C11;foto1
Alles op wieltjes;kamp;KLS;1 blauw curver;F40;foto1
Alles op wieltjes;kamp;KLS;Verkeerskoffer;;foto1
Alles op wieltjes;kamp;KLS;17 rode kleuterfietsen (Winther);;foto1
Alles op wieltjes;kamp;KLS;4 loopfietsen;;foto1
Alles op wieltjes;kamp;KLS;6 loopwagens;;foto1
Alles op wieltjes;kamp;KLS;2 zitfietsen;;foto1
Alles op wieltjes;kamp;KLS;3 easy rollers grize;;foto1
Alles op wieltjes;kamp;KLS;opblaasbaar parcours + blazer;;foto1
Alles op wieltjes TD;TD;KLS;1 groene curver;I05;foto1
Alles op wieltjes TD;TD;KLS;fietspakket themadagen;;foto1
Als atleet over de meet;kamp;KL;atletiekkoffer kleuters;D17;foto1
Als atleet over de meet;kamp;KL;1 karton met pooknoodles;G00;foto1
Als atleet over de meet;kamp;KL;1 Blauw curver;G11;foto1
Als atleet over de meet TD;TD;KL;1 groene curver;J50;foto1
Apenstrekken TD;TD;;1 groene curver;J50;foto1
Apero gol TD;TD;;kookbak;K24;foto1
Apero gol TD;TD;;kaakbak;;foto1
Apero gol TD;TD;;1 groene curver;;foto1
Apero gol TD;TD;;kaastbak;;foto1
Archery tag;kamp;LS;1 lange houten bak;Beneden;foto1
Art @ Sporty;kamp;LS;1 witte emmer;D00;foto1
Art @ Sporty;kamp;LS;1 LS bak 1/2;D09;foto1
Art @ Sporty;kamp;LS;1 LS bak 1/2;D19;foto1
Art @ Sporty;kamp;LS;4 groene curver;I37;foto1
Art @ Sporty TD;TD;LS;4 pakken klei;Beneden;foto1
Atletiek voor één dag TD;TD;;1 LS bak;I33;foto1
Avonturenweek - The Hunger games;kamp;LS;1 LS bak 1/2;J33;foto1
Avonturenweek - The Hunger games;kamp;LS;1 LS bak 1/2;E21;foto1
Avonturenweek - The Hunger games;kamp;LS;1 zwarte curver/bak 2/2;E19;foto1
Avonturenweek - The Hunger games;kamp;LS;Net Battle (2 KL bakken + doelen);M00;foto1
Avonturenweek - The Hunger games;kamp;LS;Archery tag (1 lange houten bak);;foto1
Avonturenweek - The Hunger games;kamp;LS;boogschiet (grote houten bak + doelen);;foto1
Avonturenweek - The Hunger games;kamp;LS;obstakels;Beneden;foto1
Avontuur in de natuur;kamp;LS;boogschiet (grote houten bak + doelen);Beneden;foto1
Avontuur in de natuur;kamp;LS;1 blauwe curver;E16;foto1
Avontuur in de natuur TD;TD;;1 groene curver;I04;foto1
Bake off TD;TD;;1 kookbak;I39;foto1
Bake off TD;TD;;1 afwasbak;;foto1
Bake off TD;TD;;2 ovens;;foto1
Balanceren op één been;kamp;KL;pedalo's;kantoor;foto1
Balanceren op één been TD;TD;KL;pedalo's;Rozenweg;foto1
Baseball variaties;kamp;12+;1 rode curver;C42;foto1
Beestenboel;kamp;LS;1 laptop + beamer + scherm;kantoor;foto1
Beestige naturweek;kamp;LS;1 LS bak;E25;foto1
Beestige naturweek;kamp;LS;zak potgrond;;foto1
Bewegingspiste (met Ypie);kamp;KL;1 blauwe curver;F08;foto1
Bewegingspiste (met Ypie);kamp;KL;verkleedpak Ypie;;foto1
Bij de politie TD;TD;;1 groene curver;I12;foto1
Bilbo's;kamp;KLS;16 bilbo's;E29;foto1
Blokkenbouwdoos;kamp;KLS;1 LS bak houten blokken;G59;foto1
Blokkenbouwdoos;kamp;KLS;3 KL bakken houten blokjes;kantoor;foto1
Blokkenbouwdoos;kamp;KLS;2 LS bakken houten blokjes;kantoor;foto1
Blokkenbouwdoos;kamp;KLS;20 kruiwagens;kantoor;foto1
Blokkenbouwdoos;kamp;KLS;1 KL bak met 20 helmen;N22;foto1
Blokkenbouwdoos;kamp;KLS;pakket wescoBlokken;;foto1
Blokkenbouwdoos TD;TD;KLS;5 dozen duplo;kantoor;foto1
Blokkenbouwdoos TD;TD;KLS;duplo blokken;kantoor;foto1
Blokkenbouwdoos TD;TD;KLS;16 kruiwagens;kantoor;foto1
Blokkenbouwdoos TD;TD;KLS;20 helmen;kantoor;foto1
Blokkenbouwdoos TD;TD;KLS;2 bakken soft lego;kantoor;foto1
Blokkenbouwdoos TD;TD;KLS;2 LS bakken houten blokken;kantoor;foto1
Blokkenbouwdoos TD;TD;KLS;2 bakken houten blokjes;kantoor;foto1
Boog- en lasershooting TD;TD;;1 lange houten bak;Beneden;foto1
Boog- en lasershooting TD;TD;;1 brede houten bak kluitbogen;Beneden;foto1
Boog- en lasershooting TD;TD;;1 KLS bak lasershooten TD;M00;foto1
Boogschiet;kamp;LS;1 lange houten bak;Beneden;foto1
Boogschiet - kluitsbogen;kamp;LS;1 brede houten bak kluitsbogen;Beneden;foto1
Bounce 3-daagse;kamp;LS;1 LS bak - atletiekkoffer (jump around);L29;foto1
Bounce 3-daagse;kamp;LS;springkasteel + hindernissenbaan + tafelvoetbal;;foto1
Bouwen met Lego TD;TD;LS;8 bakken lego;kantoor;foto1
Bubble & Balls;kamp;LS;bumperballs;Beneden;foto1
Bubble & Balls;kamp;LS;4 zwarte zakken mini golf;N03+N04;foto1
Buitengewoon Bouwen;kamp;LS;Flipperkast - blauwe curver;F46;foto1
Buitengewoon Bouwen;kamp;LS;belge bak met lakens;E19;foto1
Buitengewoon Bouwen;kamp;LS;grote curver bamboe en kapla;F45;foto1
Buitengewoon Bouwen;kamp;LS;Makedo - rode curver;E02;foto1
Buitengewoon Bouwen;kamp;LS;Houten blokken 1/3 - 2/3 - 3/3;;foto1
Buitengewoon Bouwen;kamp;LS;Houten knikkerbaan - LS bak;;foto1
Buitengewoon Bouwen;kamp;LS;Teiloc - grijze curver;;foto1
Buitengewoon Bouwen;kamp;LS;Leonardo;;foto1
Buitengewoon Bouwen;kamp;LS;Bamboe - 7 dozen;;foto1
Buitengewoon Bouwen;kamp;LS;MDF platen A4 (1knd);;foto1
Buitengewoon Bouwen;kamp;LS;grote stukken karton;;foto1
Carts and boards;kamp;LS;4x BMX;;foto1
Carts and boards;kamp;LS;2x Mountainbike;;foto1
Carts and boards;kamp;LS;8x Hoverboards;;foto1
Carts and boards;kamp;LS;4x groene quads;;foto1
Carts and boards;kamp;LS;3 gekke fietsen;;foto1
Carts and boards;kamp;LS;2x éénwieler;;foto1
Carts and boards;kamp;LS;2x balance bike;;foto1
Carts and boards;kamp;LS;4x Ezy roller;;foto2
Carts and boards;kamp;LS;4x grote go-cart;;foto2
Carts and boards;kamp;LS;2x kleine go-cart;;foto2
Carts and boards;kamp;LS;4x grote steps;;foto2
Carts and boards;kamp;LS;2x schansen;;foto2
Carts and boards;kamp;LS;16 helmen;;foto2
Carts and boards;kamp;LS;8x rolla bolla;;foto2
Carts and boards;kamp;LS;2x trikes;;foto2
Carts and boards;kamp;LS;4x space scooter;;foto2
Carts and boards;kamp;LS;2x streetcarvers;;foto2
Carts and boards;kamp;LS;4x longboards;;foto2
Carts and boards;kamp;LS;2x stuntstep;;foto2
Carts and boards;kamp;LS;4x waveboards;;foto2
Carts and boards;kamp;LS;8x grote skateboard;;foto2
Carts and boards;kamp;LS;4x klein skateboard;;foto2
Carts and boards;kamp;LS;20 pols-, knie- en elleboogbeschermers;;foto2
Carts and boards;kamp;LS;30 paar inline skates;;foto2
Carts and boards;kamp;LS;2x drift trike;;foto2
Carts and boards;kamp;LS;2x skelter street;;foto2
Carts and boards;kamp;LS;verkeerskoffer;;foto2
Circus Krokofant;kamp;KL;1 LS bak;G07;foto2
Circus Krokofant;kamp;KL;Circuskoffer;G09;foto2
Circus Krokofant;kamp;KL;10 springveren;N17+N18;foto2
Circus Krokofant;kamp;KL;Themadoek geel + frame;;foto2
Circus Krokofant;kamp;KL;Grote blauwe circusbal;;foto2
Circus Krokofant;kamp;KL;Schminkkoffer;;foto2
Circus krokofant TD;TD;;1 groene curver 1/2;J22;foto2
Circus krokofant TD;TD;;1 LS bak 2/2;J23;foto2
Circus krokofant TD;TD;;Themadoek TD3;TD3;foto2
Cirkelvoetbal & Handvoetbal;kamp;12+;1 rode curver;C41;foto2
CK: Piraten, alle hens aan dek;kamp;;1 schatkist 4/4;L42;foto2
CK: Piraten, alle hens aan dek;kamp;;1 LS bak 3/4;L53;foto2
CK: Piraten, alle hens aan dek;kamp;;1 LS bak 2/4;L55;foto2
CK: Piraten, alle hens aan dek;kamp;;1 LS bak 1/4;L57;foto2
CK: Piraten, alle hens aan dek;kamp;;Decor: grote houten boot met metalen frame, kleine houten bootjes;;foto2
CK: Piraten, alle hens aan dek;kamp;;vlaggenmasten;;foto2
CK: Piraten, alle hens aan dek;kamp;;schminkkoffer;;foto2
Click TD;TD;;4 emmers;kantoor;foto2
Coole kadeekes - Alles op wieltjes;kamp;KLS;2 KL bakken clics + 1 bak wieltjes;F40;foto2
Coole kadeekes - Alles op wieltjes;kamp;KLS;1 blauwe curver;;foto2
Coole kadeekes - Alles op wieltjes;kamp;KLS;Verkeerskoffer;;foto2
Coole kadeekes - Alles op wieltjes;kamp;KLS;17 rode kleuterfietsen (Winther);;foto2
Coole kadeekes - Alles op wieltjes;kamp;KLS;4 loopfietsen;;foto2
Coole kadeekes - Alles op wieltjes;kamp;KLS;5 loopwagens;;foto2
Coole kadeekes - Alles op wieltjes;kamp;KLS;2 zitfietsen;;foto2
Coole kadeekes - Alles op wieltjes;kamp;KLS;3 easy rollers grize;;foto2
Coole kadeekes - Alles op wieltjes;kamp;KLS;opblaasbaar parcours + blazer;;foto2
Coole kadeekes - Circus Krokofant;kamp;KL;1 LS bak;G07;foto2
Coole kadeekes - Circus Krokofant;kamp;KL;Circuskoffer;G09;foto2
Coole kadeekes - Out of the box bouwkamp;kamp;KL;1 LS bak;G33;foto2
Coole kadeekes - Out of the box bouwkamp;kamp;KL;1 LS bak behangpapier en stof;G51;foto2
Coole kadeekes - Out of the box bouwkamp;kamp;KL;1 LS bak 4/4 kiditech;G53;foto2
Coole kadeekes - Out of the box bouwkamp;kamp;KL;1 LS bak 3/4 kiditech;G55;foto2
Coole kadeekes - Out of the box bouwkamp;kamp;KL;1 LS bak 2/4 kiditech;G57;foto2
Coole kadeekes - Out of the box bouwkamp;kamp;KL;3 LS bakken houten blokken;G59 + 2 op kantoor;foto2
Coole kadeekes - Out of the box bouwkamp;kamp;KL;5 dozen duplo;kantoor;foto2
Coole kadeekes - Out of the box bouwkamp;kamp;KL;1 KL bak sterpuzzels;N15;foto2
Coole kadeekes - Out of the box bouwkamp;kamp;KL;1 KL bak met helmen;N22;foto2
Coole kadeekes - Out of the box bouwkamp;kamp;KL;Fantasy forts 1 KL bak + 1 LS bak;N25;foto2
Coole kadeekes - Out of the box bouwkamp;kamp;KL;KL bak kiditech 1/4;N28;foto2
Coole kadeekes - Out of the box bouwkamp;kamp;KL;Makedo - rode curver;E02;foto2
Coole kadeekes - Out of the box bouwkamp;kamp;KL;Grote kartonnen dozen om huisjes mee te bouwen;;foto2
Coole kadeekes - Out of the box bouwkamp;kamp;KL;Leonardo;;foto2
Coole kadeekes - Out of the box bouwkamp;kamp;KL;allerlei kartonnen dozen;;foto2
Coole kadeekes - Out of the box bouwkamp;kamp;KL;20 kruiwagens;;foto2
Coole kadeekes - Out of the box bouwkamp;kamp;KL;kartonnen kubussen (via Ellen van Jelle);;foto2
Coole Kadeekes tring vroem tuut;kamp;KL;1 LS bak 1/2;H47;foto2
Coole Kadeekes tring vroem tuut;kamp;KL;1 LS bak 2/2;H49;foto2
Coole Kadeekes tring vroem tuut;kamp;KL;verkeerskoffer;;foto2
Coole Kadeekes tring vroem tuut;kamp;KL;ganzenbord;;foto2
Coole kadeekes: beweegkriebels met Ypie;kamp;KL;blauwe curver;F08;foto2
Coole kadeekes: beweegkriebels met Ypie;kamp;KL;Ypie pak;kantoor;foto2
Coole kadeekes: Dierenplezier;kamp;KL;1 KL bak;N35;foto2
Coole kadeekes: kunst in al z'n vormen;kamp;KL;1 LS bak;F61;foto2
Coole kadeekes: mini play factory;kamp;KL;ganzenbord;H00;foto2
Coole kadeekes: mini play factory;kamp;KL;kartonnen koker mikado;H00;foto2
Coole kadeekes: mini play factory;kamp;KL;Bordeaux themabak;H01;foto2
Coole kadeekes: mini play factory;kamp;KL;1 LS bak (Eendjes vangen);H03;foto2
Coole kadeekes: mini play factory;kamp;KL;1 LS bak (loopklossen);H05;foto2
Coole kadeekes: mini play factory;kamp;KL;7 bakken duplo;kantoor;foto2
Coole kadeekes: mini play factory;kamp;KL;3 bakken soft lego;kantoor;foto2
Coole kadeekes: mini play factory;kamp;KL;bak clics;kantoor;foto2
Coole kadeekes: mini play factory;kamp;KL;gele zak croquet;L31;foto2
Coole kadeekes: mini play factory;kamp;KL;2 KL bak sterpuzzels;N15;foto2
Coole kadeekes: mini play factory;kamp;KL;10 rollende diertjes;Rozenweg;foto2
Coole kadeekes: mini play factory;kamp;KL;8 rollerboards;Rozenweg;foto2
Coole kadeekes: mini play factory;kamp;KL;XL-games: 1 zwarte curver (twister);Rozenweg;foto2
Coole kadeekes: mini play factory;kamp;KL;XL games vier op een rij (1 LS bak + 2 blauwe poten + rood frame + 2 kleine rode schuifstukken);Rozenweg;foto2
Coole kadeekes: mini play factory;kamp;KL;XL games: 1 LS bak domino;Rozenweg;foto2
Coole kadeekes: Ontdek de wereld, begin bij Sporty;kamp;KL;Kartonnen koker 6/6;G00;foto2
Coole kadeekes: Ontdek de wereld, begin bij Sporty;kamp;KL;1 blauwe curver 3/6;G40;foto2
Coole kadeekes: Ontdek de wereld, begin bij Sporty;kamp;KL;1 LS bak 1/6;G47;foto2
Coole kadeekes: Ontdek de wereld, begin bij Sporty;kamp;KL;1 LS bak 2/6;G49;foto2
Coole kadeekes: Ontdek de wereld, begin bij Sporty;kamp;KL;afwasbak;;foto2
Coole Kadeekes: Out of the box bouwkamp;kamp;KL;1 LS bak 4/4 kiditech;G53;foto2
Coole Kadeekes: Out of the box bouwkamp;kamp;KL;1 LS bak 3/4 kiditech;G55;foto2
Coole Kadeekes: Out of the box bouwkamp;kamp;KL;1 LS bak 2/4 kiditech;G57;foto2
Coole Kadeekes: Out of the box bouwkamp;kamp;KL;1 KL bak kiditech 1/4;N28;foto2
Coole Kadeekes: Waterpret en bellen;kamp;KL;1 LS bak 1/4;H11;foto2
Coole Kadeekes: Waterpret en bellen;kamp;KL;1 LS bak 2/4;H13;foto2
Coole Kadeekes: Waterpret en bellen;kamp;KL;1 LS bak 3/4;H15;foto2
Coole Kadeekes: Waterpret en bellen;kamp;KL;1 LS bak 4/4;H17;foto2
Coole Kadeekes: Waterpret en bellen;kamp;KL;4 emmers en extra dweilen;;foto2
Crazy Christmas Cooking;kamp;LS;1 zwarte curverbak 2/2;D04;foto2
Crazy Christmas Cooking;kamp;LS;1 LS bak 1/2;D05;foto2
Crazy Christmas Cooking;kamp;LS;1 kookbak;;foto2
Crazy Christmas Cooking;kamp;LS;2 kookvuurtjes;;foto2
Crazy Christmas Cooking;kamp;LS;Oven;;foto2
Creakriebels TD;TD;;1 LS bak;L25;foto2
Creatief met papier TD;TD;;1 groene curver;C23;foto2
Dagelijkse Sportykost;kamp;LS;1 friteuse;D39;foto2
Dagelijkse Sportykost;kamp;LS;1 LS bak 2/2;D39;foto2
Dagelijkse Sportykost;kamp;LS;1 LS bak 1/2;D45;foto2
Dagelijkse Sportykost;kamp;LS;kookbak;;foto2
Dagelijkse Sportykost;kamp;LS;afwasbak;;foto3
Dagelijkse Sportykost;kamp;LS;kookvuurtjes;;foto3
Dagelijkse Sportykost;kamp;LS;2 oventjes;;foto3
De (w)onderwaterwereld;kamp;KL;1 groene curver 1/3 + 2 groene emmers 2/3;H33;foto3
De (w)onderwaterwereld;kamp;KL;1 LS bak 3/3;H35;foto3
De 4 seizoenen TD;TD;;1 groene curver 1/1;I29;foto3
De bakkerij;kamp;LS;1 LS bak 1/2;E47;foto3
De bakkerij;kamp;LS;1 LS bak 2/2;E49;foto3
De bakkerij;kamp;LS;kookplaat;;foto3
De bakkerij;kamp;LS;2 oventjes;;foto3
De bakkerij;kamp;LS;afwasbak;;foto3
De bakkerij TD;TD;;1 LS bak 1/2;K45;foto3
De bakkerij TD;TD;;1 groene curver 2/2;K47;foto3
De bakkerij TD;TD;;afwasbak;;foto3
De bakkerij TD;TD;;2 oventjes;;foto3
De bal gaat aan het rollen TD;TD;;1 groene curver 3/3;K52;foto3
De bal gaat aan het rollen TD;TD;;1 gele zak 1/3;K53;foto3
De bal gaat aan het rollen TD;TD;;1 gele zak 2/3;K55;foto3
De Bouwbrigade;kamp;LS;Houten blokken 1/3 - 2/3 - 3/3;F32 - F47;foto3
De Bouwbrigade;kamp;LS;Teiloc - grijze curver;F48;foto3
De Bouwbrigade;kamp;LS;Houten knikkerbaan - LS bak;F49;foto3
De Bouwbrigade;kamp;LS;Eltech 2/2 (1 doorzichtige curver);G21;foto3
De Bouwbrigade;kamp;LS;Eltech 1/2 (1 LS bak);G22;foto3
De Bouwbrigade;kamp;LS;Bamboe - 7 dozen;L11 - L13;foto3
De Bouwbrigade;kamp;LS;beige bak met lakens;L19;foto3
De Bouwbrigade;kamp;LS;Fantasy Forts 1/2 - KL bak;N25;foto3
De Bouwbrigade;kamp;LS;Fantasy Forts 2/2 - LS bak;N25;foto3
De Bouwbrigade;kamp;LS;grijze curver bamboe en kapla;nog geen plaats;foto3
De Bouwbrigade;kamp;LS;Leonardo;;foto3
De Bouwbrigade;kamp;LS;grote stukken karton;;foto3
De bouwfabriek;kamp;KLS;1 LS bak 4/4 kiditech;G53;foto3
De bouwfabriek;kamp;KLS;1 LS bak 3/4 kiditech;G55;foto3
De bouwfabriek;kamp;KLS;1 LS bak 2/4 kiditech;G57;foto3
De bouwfabriek;kamp;KLS;1 LS bak houten blokken;G59;foto3
De bouwfabriek;kamp;KLS;3 KL bakken soft lego;kantoor;foto3
De bouwfabriek;kamp;KLS;2 LS bakken houten blokjes;kantoor;foto3
De bouwfabriek;kamp;KLS;20 kruiwagens;kantoor;foto3
De bouwfabriek;kamp;KLS;1 KL bak met 20 helmen;N22;foto3
De bouwfabriek;kamp;KLS;1 KL bak kiditech 1/4;N28;foto3
De bouwfabriek;kamp;KLS;pakket wescoblokken;;foto3
De bouwfabriek;kamp;KLS;Pakket Leonardo klein;;foto3
De Techniekfabriek TD;TD;KLS;1 groene curver 1/2;I48;foto3
De Techniekfabriek TD;TD;KLS;1 LS bak 2/2;I49;foto3
De vloek van de farao;kamp;KLS;Speelzand;C29;foto3
De vloek van de farao;kamp;KLS;1 LS bak 1/2;C29;foto3
De vloek van de farao;kamp;KLS;1 beige curverbak 2/2;D22;foto3
De vloek van de farao;kamp;KLS;2 bakken soft lego;Kantoor;foto3
De vloek van de farao;kamp;KLS;oven;;foto3
De vloek van de farao;kamp;KLS;afwasbak;;foto3
De Wondere Kabouterwereld;kamp;KL;1 groene curver 1/1;L21;foto3
De Wondere Kabouterwereld;kamp;KL;1 KL koffer 3/5;N01;foto3
De Wondere Kabouterwereld;kamp;KL;1 KL koffer 1/5;N01;foto3
De Wondere Kabouterwereld;kamp;KL;1 plastiek bak met houten blokjes 5/5;N01;foto3
De Wondere Kabouterwereld;kamp;KL;1 KL bak 4/5;N01;foto3
De Wondere Kabouterwereld;kamp;KL;1 KL bak 2/5;N01;foto3
De Wondere Kabouterwereld;kamp;KL;kookbak;;foto3
De Wondere Kabouterwereld;kamp;KL;afwasbak;;foto3
De Wondere Kabouterwereld;kamp;KL;decor: 4 paddenstoelen, hekjes, kleine kabouters, boog, grasmat;;foto3
De Wondere Kabouterwereld TD;TD;;1 groene curver;I38;foto3
De Wondere Kabouterwereld TD;TD;;1 mayo pot met houten blokken;I38;foto3
Diep in de zee TD;TD;;1 groene curver;I11;foto3
Dierenplezier TD;TD;;1 groene curver;I32;foto3
Dino detectives;kamp;KL;4 zwarte doeken;B57/B59;foto3
Dino detectives;kamp;KL;1 LS bak 3/4;H41;foto3
Dino detectives;kamp;KL;1 plaat triceratops;H41;foto3
Dino detectives;kamp;KL;1 plastiek bak voor ei + dino voetjes;H42;foto3
Dino detectives;kamp;KL;1 LS bak 2/4;H43;foto3
Dino detectives;kamp;KL;1 LS bak 1/4;H45;foto3
Dino detectives;kamp;KL;oud tent frame;;foto3
Dino detectives;kamp;KL;1 zak zand;;foto3
Dino detectives;kamp;KL;1 actionzak met eierdozen;;foto3
Dino's en draken TD;TD;;1 groene curver;I30;foto3
Dino's en draken TD;TD;;Themadoek TD9;TD9;foto3
DIY Festival;kamp;LS;3 kartonnen panelen;Beneden;foto3
DIY Festival;kamp;LS;2 laptops;Kantoor;foto3
DIY Festival;kamp;LS;1 KL bak;M00;foto3
Doorzichtige bak foam pijlen grijs;kamp;;Doorzichtige bak foam pijlen grijs;L41;foto3
Druk er op los TD;TD;;1 groene curver;K22;foto3
Druk er op los TD;TD;;1 groene curver 1/2;K25;foto3
Een kamp met ballen;kamp;LS;LS bak;D13;foto3
Een kamp met ballen;kamp;LS;volleybalpakket;Kantoor;foto3
Een kamp met ballen;kamp;LS;handbalpakket;Kantoor;foto3
Een kamp met ballen;kamp;LS;basketbalpakket;Kantoor;foto3
Een kamp met ballen;kamp;LS;rugbypakket;Kantoor;foto3
Een kamp met ballen;kamp;LS;kinball pakket;Kantoor;foto3
Een kamp met ballen;kamp;LS;wereldbalpakket;Kantoor;foto3
Een kamp met ballen;kamp;LS;mini golf (4 zwarte zakken);Rozenweg;foto3
Een kamp met ballen;kamp;LS;Bumperballen;Rozenweg;foto3
Een kamp met ballen;kamp;LS;Levende tafelvoetbal;Beneden;foto3
EK Voetbal;kamp;LS;1 zwarte sportzak;D11;foto3
EK Voetbal;kamp;LS;2 KL bakken 'voetbal';kantoor;foto3
EK Voetbal;kamp;LS;zak met 20 voetballen;kantoor;foto3
EK Voetbal;kamp;LS;Panna kooi;;foto3
EK Voetbal;kamp;LS;Voetgolf;;foto3
EK Voetbal;kamp;LS;rebounder;;foto3
EK Voetbal;kamp;LS;Houten 'podium' 1-2-3;;foto3
Elektriciteit en wetenschap;kamp;LS;witte bak met blauw deksel 2/7;D49;foto3
Elektriciteit en wetenschap;kamp;LS;witte bak met blauw deksel 3/7;D50;foto3
Elektriciteit en wetenschap;kamp;LS;1 LS bak 1/7;D53;foto3
Elektriciteit en wetenschap;kamp;LS;1 LS bak 6/7;D55;foto3
Elektriciteit en wetenschap;kamp;LS;1 LS bak 7/7;D57;foto3
Elektriciteit en wetenschap;kamp;LS;witte bak met blauw deksel 5/7;D59;foto3
Elektriciteit en wetenschap;kamp;LS;witte bak met groen deksel 4/7;D60;foto3
Elektriciteit en wetenschap;kamp;LS;4 laptops;kantoor;foto3
Elektriciteit en wetenschap reservemateriaal;kamp;LS;1 paarse curver;D47;foto3
Elektriciteit en wetenschap reservemateriaal;kamp;LS;1 blauwe curver;D48;foto3
Elektroshock TD;TD;;isomoplaten;D51;foto3
Elektroshock TD;TD;;1 LS bak;O01;foto3
Er was eens;kamp;KL;1 LS bak 1/3;G35;foto3
Er was eens;kamp;KL;1 LS bak 2/3;G37;foto3
Er was eens;kamp;KL;1 witte bak met blauw deksel 3/3;G39;foto3
Er was eens;kamp;KL;themadoek (rood) + frame;;foto3
Er was eens;kamp;KL;afwasbak;;foto3
Er was eens;kamp;KL;kookbak;;foto3
Escape Games;kamp;LS;2 laptops;kantoor;foto3
Escape Games;kamp;LS;printer;kantoor;foto4
Escape Games;kamp;LS;1 KL bak 1/2;N23;foto4
Escape Games;kamp;LS;1 KL bak 2/2;N24;foto4
Expeditie Sportyson TD;TD;;1 LS bak;K41;foto4
Expeditie Sportyson TD;TD;;2 bezemstelen;K41;foto4
Expeditie Survival;kamp;LS;Kruisboogschieten (grote houten bak + plastic doelen);Beneden;foto4
Expeditie Survival;kamp;LS;boogschieten (grote houten bak + doelen);Beneden;foto4
Expeditie Survival;kamp;LS;Zak grind;Beneden;foto4
Expeditie Survival;kamp;LS;Zak zand;Beneden;foto4
Expeditie Survival;kamp;LS;Zak aarde;Beneden;foto4
Expeditie Survival;kamp;LS;Zak kolen;Beneden;foto4
Expeditie Survival;kamp;LS;Houten latten, bezemsteel, houten spelbord, zak met plastic flessen;D32;foto4
Expeditie Survival;kamp;LS;LS bak 1/2;D33;foto4
Expeditie Survival;kamp;LS;LS bak 2/2;D35;foto4
Expeditie Survival;kamp;LS;Geocache + orientatieloop (niet tijdens 4-daagse);D21;foto4
FashionExplorers;kamp;LS;1 naaimachine;Kantoor;foto4
FashionExplorers;kamp;LS;2 laptops;Kantoor;foto4
FashionExplorers;kamp;LS;1 LS bak modemakers 1/4;L59;foto4
FashionExplorers;kamp;LS;2 LS bak modemakers 2/4;M05;foto4
FashionExplorers;kamp;LS;3 LS bak modemakers 3/4;M08;foto4
FashionExplorers;kamp;LS;4 LS bak modemakers 4/4;O00;foto4
FashionExplorers;kamp;LS;1 zwarte sportzak;O28;foto4
FC Sporty (KL);kamp;KL;zak met 20 kleutervoetballen;D11;foto4
FC Sporty (KL);kamp;KL;2 KL bakken 'voetbal';kantoor;foto4
FC Sporty (KL);kamp;KL;Houten 'podium' 1-2-3;kantoor;foto4
FC Sporty (LS);kamp;LS;Levende tafelvoetbal;Beneden;foto4
FC Sporty (LS);kamp;LS;1 zwarte sportzak;D11;foto4
FC Sporty (LS);kamp;LS;2 KL bakken 'voetbal';kantoor;foto4
FC Sporty (LS);kamp;LS;zak met 20 voetballen;kantoor;foto4
FC Sporty (LS);kamp;LS;Panna kooi;;foto4
FC Sporty (LS);kamp;LS;Voetgolf;;foto4
FC Sporty (LS);kamp;LS;rebounder;;foto4
FC Sporty (LS);kamp;LS;Houten 'podium' 1-2-3;;foto4
Feestje bouwen;kamp;KL;witte tunnel (=opvouwbare wasmand);F11;foto4
Feestje bouwen;kamp;KL;kerstboom;F12;foto4
Feestje bouwen;kamp;KL;1 LS bak 1/3;F13;foto4
Feestje bouwen;kamp;KL;1 LS bak 2/3;F15;foto4
Feestje bouwen;kamp;KL;1 LS bak 3/3;F17;foto4
Feestje bouwen;kamp;KL;afwasbak;;foto4
Feestje bouwen;kamp;KL;kookbak;;foto4
Feestje bouwen 3-daagse;kamp;KL;witte tunnel (=opvouwbare wasmand);F11;foto4
Feestje bouwen 3-daagse;kamp;KL;kerstboom;F12;foto4
Feestje bouwen 3-daagse;kamp;KL;1 LS bak 1/3;F13;foto4
Feestje bouwen 3-daagse;kamp;KL;1 LS bak 3/3;F17;foto4
Feestje bouwen 3-daagse;kamp;KL;afwasbak;;foto4
Feestje bouwen 3-daagse;kamp;KL;kookbak;;foto4
Fietsen als een pro;kamp;LS;BMX en + helmen;;foto4
Fit en fun TD;TD;;1 groene curver;J20;foto4
Flock Fun TD;TD;;1 plastiek bak met deksel en 3 strijkplanken 2/2;K15;foto4
Flock Fun TD;TD;;1 plastiek bak met deksel 1/2;K16;foto4
Friteuse;kamp;;Kartonnen doos;C24;foto4
Fun in the farwest TD;TD;;1 LS bak;I41;foto4
Fun in the farwest TD;TD;;8 kegels;I42;foto4
Fun on ice;kamp;LS;Gekleurde vestjes voor verschillende groepen;;foto4
Ganzenbord;TD;;1 lange rol;H00;foto4
Geef acht!;kamp;LS;4 zwarte doeken;B57/B59;foto4
Geef acht!;kamp;LS;Nerf Battle (2 KL bakken);M00;foto4
Geef acht!;kamp;LS;3 autobanden;Marko;foto4
Geef acht!;kamp;LS;1 KL bak;N31;foto4
Geef acht!;kamp;LS;Geocache;;foto4
Geef acht!;kamp;LS;Nerf doelen;;foto4
Geknetterd balspel;kamp;12+;1 LS bak;C57;foto4
Geocache + orientatieloop;kamp;LS;1 zwarte curver;D21;foto4
Geuren en kleuren TD;TD;;1 groene curver;I22;foto4
Gezelschapsspelen (set 1);kamp;;1 LS bak 1/2;L43;foto4
Gezelschapsspelen (set 1);kamp;;1 LS bak 2/2;L45;foto4
Gezelschapsspelen (set 2);kamp;;1 LS bak 1/2;L33;foto4
Gezelschapsspelen (set 2);kamp;;1 LS bak 2/2;L35;foto4
Goalball & Gealic football;kamp;12+;1 LS bak;C53;foto4
Goochelen en circus;kamp;LS;Kartonnen doos met pauwveren;C00;foto4
Goochelen en circus;kamp;LS;5 paar slieten;C00;foto4
Goochelen en circus;kamp;LS;1 LS bak;D07;foto4
Goochelen en circus;kamp;LS;Kartonnen doos met hoepels;E00;foto4
Goochelen en circus;kamp;LS;Circuskoffer;kantoor;foto4
Goochelen en circus;kamp;LS;grote blauwe circusbal;;foto4
Goochelen en circus;kamp;LS;4 rolla bolla's;;foto4
Goochelen en circus;kamp;LS;schminkkoffer;;foto4
Goochelen en circus;kamp;LS;wc-rolletjes (3/kind);;foto4
Groene vingers;kamp;;1 LS bak;J07;foto4
Groene vingers TD;TD;;potgrond;J07;foto4
Guldensporenslag;kamp;12+;1 rode curver;C45;foto4
Helmen;kamp;LS;2 KL bak;N21;foto4
Het kraaiend kinderkoor TD;TD;;1 groene curver;I19;foto4
Het superdeluxe kleuterorkest TD;TD;;1 groene curver 1/2;I35;foto4
Het superdeluxe kleuterorkest TD;TD;;1 groene curver 2/2;I36;foto4
Het wilde wilde westen TD;TD;;1 groene curver;I34;foto4
Het wilde wilde westen TD;TD;;Themadoek TD6;TD6;foto4
Highland games;kamp;;1 LS bak;C55;foto4
Hoeden en petten TD;TD;;1 groene curver 1/2;I23;foto4
Hoeden en petten TD;TD;;1 groene curver 2/2;I24;foto4
Hoera 't is feest TD;TD;;1 groene curver;I06;foto4
Holderdebolder;kamp;KL;1 klein springkasteel (jungle) + 1 blazer;;foto4
Holderdebolder;kamp;KL;1 groot springkasteel (kasteel) + 1 blazer;;foto4
Holderdebolder;kamp;KL;1 hindernisbaan kleuters + 1 blazer;;foto4
Holderdebolder;kamp;KL;1 pakket wesco;;foto4
Holderdebolder TD;TD;;1 pakket wesco;;foto4
Homo Universalis TD;TD;;1 LS bak 1/2;I52;foto4
Homo Universalis TD;TD;;1 LS bak 2/2;I53;foto4
Homo Universalis TD;TD;;1 whiteboard;;foto4
Huizen bouwen met Leonardo TD;TD;;1 groene curver;I20;foto4
Huizen bouwen met Leonardo TD;TD;;Leonardo;;foto4
Hulpdiensten;kamp;KL;kartonnen doos;L01;foto4
Hulpdiensten;kamp;KL;1 LS bak;L03;foto4
Hulpdiensten;kamp;KL;1 LS bak 2/2;L05;foto4
Ik word kunstenaar;kamp;KL;1 LS bak;F09;foto4
Ik word kunstenaar;kamp;KL;schildersdoeken;;foto4
Ik word kunstenaar TD;TD;;Schildersezel;I00;foto4
Ik word kunstenaar TD;TD;;1 groene curver;I17;foto4
In dromenland TD;TD;;1 groene curver;I21;foto4
Indianen;kamp;LS;1 LS bak;M02;foto4
Jump around;kamp;LS;1 LS bak - atletiek;L29;foto4
Jump around;kamp;LS;1 groot springkasteel colorslide;;foto4
Jump around;kamp;LS;levende tafelvoetbal;;foto4
Jump around;kamp;LS;Hindernisbaan + 4 blazers;;foto4
Jump around;kamp;LS;Swing him off;;foto4
Jump around;kamp;LS;Springsokken;F39;foto4
Jumpen;kamp;KL;1 curver;C05;foto5
Jumpen;kamp;KL;1 KL bak airtracks;M00;foto5
Jumpen;kamp;KL;1 KL bak springdieren;N17/N18;foto5
Jumpen;kamp;KL;1 klein springkasteel jungle + 1 blazer;;foto5
Jumpen;kamp;KL;1 groot springkasteel kasteel + 1 blazer;;foto5
Jumpen;kamp;KL;1 kleuterhindernisbaan + 1 blazer;;foto5
Jumpen - 4 dagen;kamp;KL;1 curver;C05;foto5
Jumpen - 4 dagen;kamp;KL;1 KL bak airtracks;M00;foto5
Jumpen - 4 dagen;kamp;KL;1 KL bak springdieren;N17/N18;foto5
Jumpen - 4 dagen;kamp;KL;1 klein springkasteel jungle + 1 blazer;;foto5
Jumpen - 4 dagen;kamp;KL;1 groot springkasteel kasteel + 1 blazer;;foto5
Jumpen - 4 dagen;kamp;KL;1 kleuterhindernisbaan + 1 blazer;;foto5
Jumpen TD;TD;;1 KL bak springdieren;N17 of N18;foto5
Jumpen TD;TD;;1 klein springkasteel + 1 blazers;;foto5
Jumpen TD;TD;;1 groot springkasteel gijbaan hoog + 1 blazer;;foto5
Jumpen XL TD;TD;;2 springkasteel + 2 blazers;O18;foto5
Jumpsky sokken;kamp;LS;1 zwarte curver;O18;foto5
Kanjam;kamp;LS;1 KL bak;N33;foto5
Kanjam;kamp;LS;1 KL bak;N34;foto5
Kanjam;kamp;LS;(leeg);N16;foto5
Katapulten;kamp;LS;Winkelzak;F44;foto5
Keep calm and play games;kamp;LS;kickertafel;kantoor;foto5
Keep calm and play games;kamp;LS;Nerf Battle (2 KL bakken);M00;foto5
Keep calm and play games;kamp;LS;Lasershoot en obstakels (4 KL bakken);N02;foto5
Keep calm and play games;kamp;LS;1 KL bak;N36;foto5
Keep calm and play games;kamp;LS;sjoelbak Keep calm;N39;foto5
Keep calm and play games;kamp;LS;XL tafelvoetbal;rozenweg;foto5
Keep calm and play games;kamp;LS;2 palen en 2 voeten;;foto5
Keep calm and play games;kamp;LS;2 houten panelen met haakje;I43;foto5
Kleine dappere indiaan TD;TD;KL;1 groene curver;G00;foto5
Kleuren en geuren;kamp;KL;Kartonnen koker twistermat;G14;foto5
Kleuren en geuren;kamp;KL;1 doorzichtige curverbak 2/2;G15;foto5
Kleuren en geuren;kamp;KL;1 LS bak 1/2;;foto5
Kleuren en geuren;kamp;KL;1 witte rol tafeldoek;;foto5
Kleuren en geuren;kamp;KL;1 twister draaibord;D00;foto5
Klederen en kladderen;kamp;KL;20 groene ikea bakjes;E00;foto5
Klederen en kladderen;kamp;KL;houten plaat waterbaan;G23;foto5
Klederen en kladderen;kamp;KL;1 blauwe curver 5/5;G24;foto5
Klederen en kladderen;kamp;KL;1 blauwe curver 4/5;G25;foto5
Klederen en kladderen;kamp;KL;1 LS bak 1/5;G27;foto5
Klederen en kladderen;kamp;KL;1 LS bak 2/5;G29;foto5
Klederen en kladderen;kamp;KL;1 LS bak 3/5;;foto5
Klim en Urbanstage;kamp;KL;bak inline skates + beschermers;C32;foto5
Klimmen;kamp;KL;1 zwarte curver;C37;foto5
Klimwereld;kamp;;1 groene curver;I01;foto5
Knutfeldag TD;TD;;1 groene curver 1/2;I01;foto5
Knutfeldag TD;TD;;1 groene curver 2/2;I02;foto5
Koekiemonsters;kamp;LS;4 mayonnaise emmers;E41;foto5
Koekiemonsters;kamp;LS;1 LS bak 1/3;E43;foto5
Koekiemonsters;kamp;LS;1 LS bak 3/3;E45;foto5
Koekiemonsters;kamp;LS;2 oventjes;;foto5
Koekiemonsters;kamp;LS;afwasbak;;foto5
Koekiemonsters;kamp;LS;doorschijnend bakje Koekjesfabriek TD 2/3;;foto5
Koekiemonstertjes TD;TD;;1 groene curver;K37;foto5
Koekiemonstertjes TD;TD;;1 LS bak Koekjesfabriek TD 3/3;K38;foto5
Koekiemonstertjes TD;TD;;afwasbak;K39;foto5
Koekiemonstertjes TD;TD;;2 oventjes;;foto5
Koekjesfabriek;kamp;KL;1 LS bak 3/3;B47;foto5
Koekjesfabriek;kamp;KL;1 LS bak 1/3;B49;foto5
Koekjesfabriek;kamp;KL;2 oventjes;E45;foto5
Koekjesfabriek;kamp;KL;afwasbak;;foto5
Koekjesfabriek;kamp;KL;Kookbak;;foto5
Koekjesfabriek TD;TD;;1 groene curver 1/3;K37;foto5
Koekjesfabriek TD;TD;;doorschijnend bakje 2/3;K39;foto5
Koekjesfabriek TD;TD;;afwasbak;;foto5
Koekjesfabriek TD;TD;;2 oventjes;;foto5
Koken is kinderspel;kamp;KL;Rol wit tafellaken;Crea beneden;foto5
Koken is kinderspel;kamp;KL;1 LS bak 1/3;F25;foto5
Koken is kinderspel;kamp;KL;1 LS bak 2/3;F27;foto5
Koken is kinderspel;kamp;KL;1 LS bak 3/3;F29;foto5
Koken is kinderspel;kamp;KL;Lamineermachine A3 (3/4-daagse niet);Kantoor;foto5
Koken is kinderspel;kamp;KL;afwasbak;;foto5
Koken is kinderspel;kamp;KL;2 oventjes;;foto5
Koken is kinderspel;kamp;KL;kookplaat;;foto5
Kookatelier TD;TD;;1 groene curver;K48;foto5
Kookatelier TD;TD;;kookbak;;foto5
Kookatelier TD;TD;;afwasbak;;foto5
Kookbak;kamp;;1 LS bak;C03;foto5
Kookbak;kamp;;1 LS bak;C07;foto5
Kookbak;kamp;;1 LS bak;C09;foto5
Kookbak;kamp;;1 LS bak;C13;foto5
Kookbak;kamp;;1 LS bak;C15;foto5
Kookbak;kamp;;1 LS bak;C17;foto5
Kookbak;kamp;;1 LS bak;C19;foto5
Kookplaat;kamp;;4 dubbele kookplaten;C25;foto5
Kranen en graafmachines TD;TD;;2 kartonnen dozen met zandkasteelbouwer;J25;foto5
Kranen en graafmachines TD;TD;;2 kranen + 2 vrachtwagens;J27;foto5
Kranen en graafmachines TD;TD;;1 groene curver 1/3;J28;foto5
Kranen en graafmachines TD;TD;;1 groene curver 2/3;J29;foto5
Kranen en graafmachines TD;TD;;1 houten bak 3/3;L31;foto5
Kranen en graafmachines TD;TD;;2 plastieken schelpen;;foto5
Kranen en graafmachines TD;TD;;zand;;foto5
Kriebelbeestjes TD;TD;;1 groene curver;I25;foto5
Kriebeldiertjes;kamp;KL;1 LS bak 1/3;H37;foto5
Kriebeldiertjes;kamp;KL;1 LS bak 2/3;H39;foto5
Kubb;kamp;12+;1 zwarte curver;C47;foto5
Laat je rollen;kamp;LS;4x BMX;;foto5
Laat je rollen;kamp;LS;2x Mountainbike;;foto5
Laat je rollen;kamp;LS;8x Hooverboards;;foto5
Laat je rollen;kamp;LS;4x groene quads;;foto5
Laat je rollen;kamp;LS;3 gekke fietsen;;foto5
Laat je rollen;kamp;LS;2x éénwieler;;foto5
Laat je rollen;kamp;LS;2x balance bike;;foto5
Laat je rollen;kamp;LS;4x Ezy roller;;foto5
Laat je rollen;kamp;LS;4x grote go-cart;;foto5
Laat je rollen;kamp;LS;2x kleine go-cart;;foto5
Laat je rollen;kamp;LS;4x grote steps;;foto5
Laat je rollen;kamp;LS;2x schansen;;foto5
Laat je rollen;kamp;LS;16 helmen;;foto5
Laat je rollen;kamp;LS;8x rolla bolla;;foto5
Laat je rollen;kamp;LS;2x trikes;;foto5
Laat je rollen;kamp;LS;4x space scooter;;foto5
Laat je rollen;kamp;LS;2x streetcarvers;;foto6
Laat je rollen;kamp;LS;2x stuntstep;;foto6
Laat je rollen;kamp;LS;4x longboards;;foto6
Laat je rollen;kamp;LS;4x waveboards;;foto6
Laat je rollen;kamp;LS;8x grote skateboard;;foto6
Laat je rollen;kamp;LS;4x klein skateboard;;foto6
Laat je rollen;kamp;LS;20 pols-, knie- en elleboogbeschermers;;foto6
Laat je rollen;kamp;LS;30 paar inline skates;;foto6
Laat je rollen;kamp;LS;2x drift trike;;foto6
Laat je rollen;kamp;LS;2x skelter street;;foto6
Lasershoot exra;kamp;LS;1 KL bak 1/1;M00;foto6
Lasershoot guns;kamp;LS;1 KL bak 4/4;N02;foto6
Lasershoot obstakels;kamp;LS;1 KL bak 1/4;N02;foto6
Lasershoot obstakels;kamp;LS;1 KL bak 2/4;N02;foto6
Lasershoot pomp en doppen;kamp;LS;1 KL bak 3/4;N02;foto6
Later als ik groot ben;kamp;KL;1 LS bak met verkleedkledij 2/2;G31;foto6
Later als ik groot ben;kamp;KL;1 LS bak 1/2;G45;foto6
Later als ik groot ben;kamp;KL;laminator A3;kantoor;foto6
Later als ik groot ben;kamp;KL;8 kartonnen brievenbussen;;foto6
Later als ik groot ben;kamp;KL;verkeerskoffer;;foto6
Later als ik groot ben;kamp;KL;circuskoffer;;foto6
Later als ik groot ben;kamp;KL;schminkkoffer;;foto6
Later als ik groot ben;kamp;KL;kookbak;;foto6
Later als ik groot ben;kamp;KL;afwasbak;;foto6
Later als ik groot ben TD;TD;;8 kartonnen brievenbussen;K51;foto6
Later als ik groot ben TD;TD;;1 LS bak;K59;foto6
Legoweek;kamp;LS;1 LS bak;C09;foto6
Legoweek;kamp;LS;7 zwarte bakken LEGO;kantoor;foto6
Legoweek;kamp;LS;1 bak bouwplaten;kantoor;foto6
Legoweek;kamp;LS;± 8 curverbakken: niet gesorteerd materiaal;kantoor;foto6
Let's escape TD;TD;;1 groene curver: The Bunny castle;J17;foto6
Let's escape TD;TD;;1 doorzichtige doos;J17;foto6
Let's escape TD;TD;;1 groene curver 2/2 - ontmantel de bom;J18;foto6
Let's escape TD;TD;;1 groene curver 1/2 - moord in de V.expres;J17;foto6
Letters en cijfers;kamp;KL;1 LS bak 1/2;H19;foto6
Letters en cijfers;kamp;KL;1 KL bak 2/2;N26;foto6
Levende risk;kamp;12+;1 rode curver;C43;foto6
Levende stratego;kamp;12+/LS;1 rode curver;B56;foto6
Levende stratego;kamp;12+/LS;1 rode curver;C46;foto6
Mastermind;kamp;12+;1 rode curver;C49;foto6
Met Sporty op wereldreis;kamp;LS;1 KLS bak 1/2 + 1 LS bak 2/2 + bezemsteel;N09;foto6
Met Sporty op wereldreis;kamp;LS;kookvuur;;foto6
Met Sporty op wereldreis;kamp;LS;oven;;foto6
Met Sporty op wereldreis;kamp;LS;kookbak;;foto6
Met Sporty op wereldreis;kamp;LS;afwasbak;;foto6
Met Sporty op wereldreis;kamp;LS;groot blauw vat;;foto6
Met Sporty op wereldreis;kamp;LS;autoband;;foto6
Met Sporty op wereldreis;kamp;LS;grote houten bak;;foto6
Met Sporty op wereldreis;kamp;LS;2 stukken boomstronk;;foto6
Met Sporty op wereldreis;kamp;LS;frietketel;;foto6
Met Sporty op wereldreis;kamp;LS;pak wc-papier;;foto6
Mindstorms en technologie;kamp;LS;1 KL bak;N13;foto6
Mindstorms en technologie;kamp;LS;8 laptops;;foto6
Mindstorms en technologie;kamp;LS;Makey makey;;foto6
Mindstorms TD;TD;;1 KL bak;N13;foto6
Mindstorms TD;TD;;8 laptops;;foto6
Mini atletiek TD;TD;;1 LS bak;J33;foto6
Mini EK;kamp;KL;1 zwarte sportzak;D11;foto6
Mini EK;kamp;KL;zak met 20 kleutervoetballen;kantoor;foto6
Mini EK;kamp;KL;2 KL bakken 'voetbal';kantoor;foto6
Mini EK;kamp;KL;Houten 'podium' 1-2-3;;foto6
Mini olympische spelen;kamp;KL;mini golf (4 zwarte zakken);N03 + N04;foto6
Mini olympische spelen;kamp;KL;1 KL bak;N27;foto6
Mini olympische spelen;kamp;KL;atletiekkoffer;;foto6
Mini olympische spelen;kamp;KL;Minitennis;;foto6
Mini olympische spelen;kamp;KL;minibasket;;foto6
Mini play factory;kamp;KL;1 kartonnen koker mikado;H00;foto6
Mini play factory;kamp;KL;ganzenbord;H00;foto6
Mini play factory;kamp;KL;1 grote bordeaux themabak;H01;foto6
Mini play factory;kamp;KL;7 bakken duplo;kantoor;foto6
Mini play factory;kamp;KL;3 KL bakken soft lego;kantoor;foto6
Mini play factory;kamp;KL;1 KL bak clics;kantoor;foto6
Mini play factory;kamp;KL;1 gele zak - croquet;L31;foto6
Mini play factory;kamp;KL;XL games: 1 zwarte curver (twister);;foto6
Mini play factory;kamp;KL;XL games vier op een rij (1 LS bak + 2 blauwe poten + rood frame + 2 kleine rode schuifstukken);;foto6
Mini play factory;kamp;KL;XL games: 1 LS bak domino;;foto6
Mini play factory;kamp;KL;1 LS bak (Eendjes vangen);H03;foto6
Mini play factory;kamp;KL;1 LS bak (loopklossen);H05;foto6
Mini Splash;kamp;KL;2 buizen 3/5 en 4/5;E00;foto6
Mini Splash;kamp;KL;Zak zand 5/5;E00;foto6
Mini Splash;kamp;KL;1 LS bak 2/5;G17;foto6
Mini Splash;kamp;KL;1 LS bak 1/5;G19;foto6
Mini Splash;kamp;KL;Eendjes vangen;H03;foto6
Minidisco;kamp;KL;1 LS bak;F23;foto6
Minidisco TD;TD;;1 groene curver;I16;foto6
Missie avontuur;kamp;LS;1 map orientatieloop;D23;foto6
Missie avontuur;kamp;LS;1 LS bak - trophy;D23;foto6
Missie avontuur;kamp;LS;Lasershoot en obstakels (4 KL bakken);;foto6
Missie avontuur;kamp;LS;Kruisboogschieten (grote houten bak + plastic doelen);;foto6
Missie avontuur;kamp;LS;boogschieten (grote houten bak + doelen);;foto6
Missie avontuur TD;TD;;1 lange houten bak boogschieten;Beneden;foto6
Missie avontuur TD;TD;;1 brede houten bak kruisbogen;Beneden;foto6
Missie avontuur TD;TD;;1 groene curver;K26;foto6
Modemakers;kamp;LS;1 naaimachine;Kantoor;foto6
Modemakers;kamp;LS;1 LS bak 1/4;L59;foto6
Modemakers;kamp;LS;1 LS bak 2/4;M05;foto6
Modemakers;kamp;LS;1 LS bak 3/4;M08;foto6
Modemakers;kamp;LS;1 KL bak 4/4;O00;foto6
Mölkky;kamp;12+;1 lagers schoolbak;B53;foto6
Multiballs met Ypie;kamp;KLS;1 LS bak: zweefbal;B41;foto6
Multiballs met Ypie;kamp;KLS;1 zwarte curver: mini tennis;B41;foto6
Multiballs met Ypie;kamp;KLS;1 zwarte curver: mini rugby;B41;foto6
Multiballs met Ypie;kamp;KLS;1 LS bak: kinball;B43;foto6
Multiballs met Ypie;kamp;KLS;verkleedpak Ypie;kantoor;foto6
Nerf;kamp;LS;1 KLS bak 1/2;N37;foto6
Nerf;kamp;LS;1 KLS bak 2/2;N38;foto6
Nerf;kamp;LS;1 KL bak 1/2;M00;foto6
Nerf;kamp;LS;1 KL bak 2/2;M00;foto6
Now or never adventure;kamp;;Kruisboogschieten (grote houten bak + plastic doelen);Beneden;foto6
Now or never adventure;kamp;;boogschieten (grote houten bak + doelen);Beneden;foto6
Now or never adventure;kamp;;1 LS bak - trophy;D23;foto6
Now or never adventure;kamp;;archery tag;;foto6
Now or never adventure;kamp;;40 x gehuurde MTB;;foto6
Olympische Spelen;kamp;LS;Lasershoot en obstakels (4 KL bakken);F51;foto6
Olympische Spelen;kamp;LS;1 LS bak 1/3;F53;foto6
Olympische Spelen;kamp;LS;Rode Ski latten;F53;foto7
Olympische Spelen;kamp;LS;1 LS bak 3/3;F55;foto7
Olympische Spelen;kamp;LS;atletiekkoffer;kantoor;foto7
Olympische Spelen;kamp;LS;volleybalpakket;kantoor;foto7
Olympische Spelen;kamp;LS;hockeypakket;kantoor;foto7
Olympische Spelen;kamp;LS;lacrossepakket;kantoor;foto7
Olympische Spelen;kamp;LS;basketbalpakket;kantoor;foto7
Olympische Spelen TD;TD;;1 groene curver;K57;foto7
Olympische Spelen TD;TD;;1 kartonnen doos horden;K70;foto7
Op avontuur in de ruimte TD;TD;;1 groene curver;I33;foto7
Op avontuur in de ruimte TD;TD;;Themadoek TD4;TD4;foto7
Op expeditie TD;TD;;1 groene curver;J15;foto7
Op ontdekking met al je zintuigen;kamp;KL;1 LS bak 1/3;G01;foto7
Op ontdekking met al je zintuigen;kamp;KL;1 LS bak 2/3;G03;foto7
Op ontdekking met al je zintuigen;kamp;KL;1 LS bak 3/3;G05;foto7
Op ontdekking met al je zintuigen;kamp;KL;bak blenders TD Shake it smooth (J13);J13;foto7
Op ontdekking met al je zintuigen;kamp;KL;afwasbak;;foto7
Op ontdekking met al je zintuigen;kamp;KL;kookbak;;foto7
Op ontdekking met al je zintuigen;kamp;KL;Metalen kooi;G41;foto7
Op stap in de jungle;kamp;KL;1 LS bak;G43;foto7
Op stap in de jungle;kamp;KL;themadoek + frame;;foto7
Op stap in de jungle TD;TD;;1 groene curver;I31;foto7
Op stap in de jungle TD;TD;;Themadoek TD2;TD2;foto7
Op Stap met Sporty;kamp;;1 zwarte curver sokken Jumpsky;O18;foto7
Ovens;kamp;;2 kartonnen dozen;C21;foto7
Ovens;kamp;;2 kartonnen dozen;C22;foto7
Paralympics TD;TD;;1 LS bak;K43;foto7
Pimpen met pyro en etspasta TD;TD;;1 groene curver 1/2;K09;foto7
Pimpen met pyro en etspasta TD;TD;;1 groene curver 2/2;K10;foto7
Pinguins en eskimo's TD;TD;;1 groene curver;I26;foto7
Pinguins en eskimo's TD;TD;;Themadoek TD8;TD8;foto7
Pinguins en eskimo's TD;TD;;Mousse blokken;;foto7
Piraten, alle hens aan dek;kamp;KLS;1 schatkist 4/4;L42;foto7
Piraten, alle hens aan dek;kamp;KLS;1 LS bak 3/4;L53;foto7
Piraten, alle hens aan dek;kamp;KLS;1 LS bak 2/4;L55;foto7
Piraten, alle hens aan dek;kamp;KLS;1 LS bak 1/4;L57;foto7
Piraten, alle hens aan dek;kamp;KLS;Decor: grote houten boot met metalen frame, kleine houten bootjes;;foto7
Piraten, alle hens aan dek;kamp;KLS;vlaggenmasten;;foto7
Piraten, alle hens aan dek;kamp;KLS;schminkkoffer;;foto7
Piraten, alle hens aan dek;kamp;KLS;4 emmers;K49;foto7
Pizza pronto! TD;TD;;1 LS bak;K49;foto7
Pizza pronto! TD;TD;;kookbak;;foto7
Pizza pronto! TD;TD;;afwasbak;;foto7
Pizza pronto! TD;TD;;2 ovens;;foto7
Plan(t)trekkers;kamp;LS;2 bakken met glazen potten;D25;foto7
Plan(t)trekkers;kamp;LS;1 LS bak 1/2;D27;foto7
Plan(t)trekkers;kamp;LS;1 LS bak 2/2;D29;foto7
Plan(t)trekkers;kamp;LS;GPS'en;;foto7
Plan(t)trekkers;kamp;LS;zand, kolen, aarde, grind, potgrond;;foto7
Plan(t)trekkers;kamp;LS;2 sanseveria's;;foto7
Plan(t)trekkers;kamp;LS;Kookbak;;foto7
Play a game 3-daagse;kamp;LS;Volksspelen klein materiaal: 1 rode curver;C48;foto7
Play a game 3-daagse;kamp;LS;1 LS bak domino 1/5;E03;foto7
Play a game 3-daagse;kamp;LS;1 LS bak domino 2/5;E05;foto7
Play a game 3-daagse;kamp;LS;1 LS bak domino 3/5;E07;foto7
Play a game 3-daagse;kamp;LS;1 LS bak domino 4/5;E09;foto7
Play a game 3-daagse;kamp;LS;1 blauwe curver: gezelschapsspelen;E15;foto7
Play a game 3-daagse;kamp;LS;1 LS bak domino 5/5;E19;foto7
Play a game 3-daagse;kamp;LS;2 KL bakken clics + 1 bak wieltjes;kantoor;foto7
Play a game 3-daagse;kamp;LS;Lasershoot en obstakels (4 KL bakken);N02;foto7
Play a game 3-daagse;kamp;LS;Golf: 1 KL bak;N30;foto7
Play a game 3-daagse;kamp;LS;Volksspelen: kikkerspel;N39;foto7
Play a game 3-daagse;kamp;LS;Volksspelen: bakschieten;N39;foto7
Play a game 3-daagse;kamp;LS;Volksspelen: tafelhockey;N39;foto7
Play a game 3-daagse;kamp;LS;Volksspelen: kaasspel;N39;foto7
Play a game 3-daagse;kamp;LS;Volksspelen: toptafel;N39;foto7
Play a game 3-daagse;kamp;LS;Volksspelen: mannetjesspel;N39;foto7
Play a game 3-daagse;kamp;LS;Volksspelen: trou madame;N39;foto7
Play a game 3-daagse;kamp;LS;Volksspelen: sjoelbak;N39;foto7
Play a game 3-daagse;kamp;LS;Volksspelen: rekker-trekker;N39;foto7
Play a game 3-daagse;kamp;LS;Volksspelen: Japans biljart;N39;foto7
Play factory;kamp;LS;boogschieten (grote houten bak + doelen);Beneden;foto7
Play factory;kamp;LS;Kruisboogschieten (grote houten bak + plastic doelen);Beneden;foto7
Play factory;kamp;LS;1 LS bak easytech;Beneden;foto7
Play factory;kamp;LS;1 LS bak domino 1/5;E03;foto7
Play factory;kamp;LS;1 LS bak domino 2/5;E05;foto7
Play factory;kamp;LS;1 LS bak domino 3/5;E07;foto7
Play factory;kamp;LS;1 LS bak domino 4/5;E09;foto7
Play factory;kamp;LS;1 LS bak domino 5/5 + 1 blauw/groen zak: frisbee;E19;foto7
Play factory;kamp;LS;2 KL bakken clics + 1 bak wieltjes;kantoor;foto7
Play factory;kamp;LS;Lasershoot en obstakels (4 KL bakken);N02;foto7
Play factory;kamp;LS;XL games: mikado;;foto7
Play factory;kamp;LS;XL games: twister;;foto7
Play factory;kamp;LS;XL games: mens erger je niet;;foto7
Play factory;kamp;LS;XL games: reuzejenga;;foto7
Play factory;kamp;LS;XL games: dammen;;foto7
Play factory;kamp;LS;XL games: speelbord mastermind;;foto7
Play factory;kamp;LS;XL games: blokjes mastermind;;foto7
Play factory;kamp;LS;XL games vier op een rij (1 LS bak + 2 blauwe poten + rood frame + 2 kleine rode schuifstukken);;foto7
Play factory;kamp;LS;XL games: buitenspeelkaarten;;foto7
Play factory;kamp;LS;XL games: boter kaas en eieren;;foto7
Play factory;kamp;LS;XL games: domino;;foto7
Play factory;kamp;LS;XL games: roll-it XL;;foto7
Play factory;kamp;LS;XL games: speelbord roll-it XL;;foto7
Play factory;kamp;LS;XL games: speelbord exago;;foto7
Play factory;kamp;LS;XL games: reuzendarts;;foto7
Play factory;kamp;LS;XL games: speelbord teyu;;foto7
Play factory;kamp;LS;XL games: curver met klein materiaal XL games;;foto7
Play factory;kamp;LS;Volksspelen: kikkerspel;;foto7
Play factory;kamp;LS;Volksspelen: bakschieten;;foto7
Play factory;kamp;LS;Volksspelen: tafelhockey;;foto7
Play factory;kamp;LS;Volksspelen: kaasspel;;foto7
Play factory;kamp;LS;Volksspelen: toptafel;;foto7
Play factory;kamp;LS;Volksspelen: mannetjesspel;;foto7
Play factory;kamp;LS;Volksspelen: trou madame;;foto7
Play factory;kamp;LS;Volksspelen: sjoelbak;;foto7
Play factory;kamp;LS;Volksspelen: rekker-trekker;;foto7
Play Factory (vervolg, blauwe curvers);kamp;LS;1 LS bak - bowling;E13;foto7
Play Factory (vervolg, blauwe curvers);kamp;LS;1 blauwe curver: gezelschapsspelen;E15;foto7
Play Factory (vervolg, blauwe curvers);kamp;LS;1 blauwe curver: Fins Kegelspel;E17;foto7
Play Factory (vervolg, blauwe curvers);kamp;LS;1 zwarte curver: Kubb;E18;foto7
Play Factory (vervolg, blauwe curvers);kamp;LS;1 KL bak - Golf;N30;foto7
Play Factory (vervolg, blauwe curvers);kamp;LS;1 groene curver met dominoblokjes 1/3;J03;foto7
Play Factory TD;TD;;1 groene curver met kubb en mölky 2/3;J04;foto7
Play Factory TD;TD;;1 KLS bak lasershoot;M00;foto7
Plezier met papier;kamp;LS;1 LS bak 3/3;D31;foto7
Plezier met papier;kamp;LS;1 LS bak 2/3;D41;foto8
Plezier met papier;kamp;LS;1 LS bak 1/2;D51;foto8
Prinses voor één week;kamp;LS;1 KL bak;N06;foto8
Prinses voor één week;kamp;LS;4 zwarte doeken;B57/B59;foto8
Prinses voor één week;kamp;LS;oud tentframe met blauw dak;;foto8
Prinses voor één week;kamp;LS;groot houten kasteel (roze);;foto8
Prinses voor één week;kamp;LS;kookbak;;foto8
Prinses voor één week;kamp;LS;afwasbak;;foto8
Prinses voor één week;kamp;LS;2 grote fietskartons voor kasteel;;foto8
Professor Kartoschemski TD;TD;;1 LS bak;J35;foto8
Puzzelwereld;kamp;LS;1 KL bak;N11;foto8
PVC buizen;kamp;;1 kartonnen doos, 1 emmer;L51;foto8
Racen in de lucht, te water en op de grond;kamp;LS;1 LS bak 1/3;D15;foto8
Racen in de lucht, te water en op de grond;kamp;LS;1 LS bak 2/3;O05;foto8
Racen in de lucht, te water en op de grond;kamp;LS;2 bakken zeepkisten 3/3;;foto8
Racen in de lucht, te water en op de grond;kamp;LS;panlatten;;foto8
Racen in de lucht, te water en op de grond;kamp;LS;Grote kartonnen platen (fietsenmaker);;foto8
Ravot je rot TD;TD;;1 groene curver;J19;foto8
Reis rond de wereld;kamp;KL;Kartonnen koker 6/6;G00;foto8
Reis rond de wereld;kamp;KL;1 blauwe curver 3/6 + 1 doorzichtige plastic bak 5/6;G40;foto8
Reis rond de wereld;kamp;KL;1 blauwe curver 4/6;G42;foto8
Reis rond de wereld;kamp;KL;1 LS bak 1/6;G47;foto8
Reis rond de wereld;kamp;KL;1 LS bak 2/6;G49;foto8
Reis rond de wereld;kamp;KL;4 palen + 4 voeten voor decor;;foto8
Reis rond de wereld;kamp;KL;Rol decor (vliegtuig);;foto8
Reis rond de wereld;kamp;KL;4 djembés;;foto8
Reis rond de wereld;kamp;KL;6 gekleurde grote emmers + 10 houten trommelstokken;;foto8
Reis rond de wereld;kamp;KL;Djembé's;N33;foto8
Reis rond de wereld TD;TD;;1 groene curver;I09;foto8
Ridders en prinsessen;kamp;LS;paartjes en larsen van Tijdreizigers 2/3;O00;foto8
Ridders en prinsessen;kamp;LS;1 LS bak 2/2;M06;foto8
Ridders en prinsessen;kamp;LS;1 KL bak 1/2;N05;foto8
Ridders en prinsessen;kamp;LS;bamboestokken;;foto8
Ridders en prinsessen;kamp;LS;decor: 6 riddertenten + ridderburcht;;foto8
Ridders en prinsessen TD;TD;;1 groene curver;I08;foto8
Ride a bike;kamp;;BMX en + helmen;;foto8
Ride a bike;kamp;;gereedschapskiste (banden, plak...);;foto8
Ride a bike;kamp;;hindernissen BMX;;foto8
Schattenjacht;kamp;KL;1 LS bak;F05;foto8
Schattenjacht;kamp;KL;houten schatkist;F07;foto8
Schattenjacht TD;TD;;1 schatkist;K21;foto8
Schattenjacht TD;TD;;1 groene curver;K23;foto8
Schip ahoi kapitein TD;TD;;1 groene curver;I28;foto8
Schip ahoi kapitein TD;TD;;Themadoek TD5;TD5;foto8
School voor hekserij en hokus pocus TD;TD;;1 groene curver;I15;foto8
School voor hekserij en hokus pocus TD;TD;;Themadoek TD7;TD7;foto8
Scoebidoe TD;TD;;1 groene curver;I10;foto8
Shake it smooth TD;TD;;1 groene curver 2/2;J11;foto8
Shake it smooth TD;TD;;1 LS bak 1/2;J13;foto8
Shake it smooth TD;TD;;afwasbak;;foto8
Showtime TD;TD;;1 groene curver;J16;foto8
Showtime TD;TD;;Magic Speldoos (schap gezelschapsspelen);;foto8
Stacklines + freerunning;kamp;12+;1 rode curver;C44;foto8
Spelen in dromenland;kamp;KL;1 wasmand met kussens;H25;foto8
Spelen in dromenland;kamp;KL;zak kussenvulling;H27;foto8
Spelen in dromenland;kamp;KL;Bommazak met kussens;H28;foto8
Spelen in dromenland;kamp;KL;1 LS bak;H29;foto8
Spelenspektakel TD;TD;;1 KL bak;N12;foto8
Spikebal (4sets);kamp;LS;1 LS bak;C59;foto8
Spikebal B;kamp;;1 LS bak;B33;foto8
Spionnen gezocht;kamp;LS;1 LS bak;D37;foto8
Spionnen gezocht;kamp;LS;1 plastic doosje met fototoestellen;kantoor;foto8
Spionnen gezocht;kamp;LS;1 plastic doos met tablets;kantoor;foto8
Spionnen gezocht TD;TD;;1 groene curver 1/2;K04;foto8
Spionnen gezocht TD;TD;;1 groene curver 1/2;K13;foto8
Splash (XL);kamp;LS;1 LS bak 1001 ballen en bellen 2/4;H53;foto8
Splash (XL);kamp;LS;1 LS bak 1001 ballen en bellen 3/4;H55;foto8
Splash (XL);kamp;LS;1 LS bak 1001 ballen en bellen 4/4;H57;foto8
Splash (XL);kamp;LS;1 KL bak 2/2;N14;foto8
Splash (XL);kamp;LS;1 KL bak 1/2;N19;foto8
Splash (XL);kamp;LS;opblaasbare waterstructuren: groene rots;;foto8
Splash (XL);kamp;LS;opblaasbare waterstructuren: oranje hond;;foto8
Splash (XL);kamp;LS;2 opblaasbare waterballen;;foto8
Splash (XL);kamp;LS;opblaasbare waterstructuren: trampoline;;foto8
Splash (XL);kamp;LS;2 x waterpolodoel;;foto8
Splash (XL);kamp;LS;opblaasbare waterstructuren: gijbaan;;foto8
Splash (XL);kamp;LS;2 emmers;;foto8
Splash (XL);kamp;LS;Kookbak;;foto8
Splash (XL);kamp;LS;afwasbak;;foto8
Sporten met een hoek af;kamp;LS;1 LS bak baseball;F21;foto8
Sporten met een hoek af;kamp;LS;1 LS bak bumball;F33;foto8
Sporten met een hoek af;kamp;LS;doorzichtige curver met Mölky en jo jack;F58;foto8
Sporten met een hoek af;kamp;LS;1 LS bak;F59;foto8
Sporten met een hoek af;kamp;LS;1 zwarte curver: Fling it;E01;foto8
Sporten met een hoek af;kamp;LS;Bak paralympics TD;K43;foto8
Sporten met een hoek af;kamp;LS;bumperballen;;foto8
Sporty mix and match;kamp;LS;1 Blauwe curver 5/6;F31;foto8
Sporty mix and match;kamp;LS;1 rode curver: klein materiaal volksspelen;C48;foto8
Sporty mix and match;kamp;LS;1 blauwe curver: Fins Kegelspel + JoJack;E13;foto8
Sporty mix and match;kamp;LS;1 blauwe curver: Fins Kegelspel;E17;foto8
Sporty mix and match;kamp;LS;1 zwarte curver: Kubb;E18;foto8
Sporty mix and match;kamp;LS;1 blauw/groen zak frisbee;E19;foto8
Sporty mix and match;kamp;LS;1 LS bak - bumball;E11;foto8
Sporty mix and match;kamp;LS;1 LS bak - atletiek;E23;foto8
Sporty mix and match;kamp;LS;1 zak - bounceball;E23;foto8
Sporty mix and match;kamp;LS;1 zwarte curver;E39;foto8
Sporty mix and match;kamp;LS;Hindernisbaan oud (in 2 stukken) + 2 blazers;Marko;foto8
Sporty mix and match;kamp;LS;Volksspelen: kikkerspel;N39;foto8
Sporty mix and match;kamp;LS;Volksspelen: bakschieten;N39;foto8
Sporty mix and match;kamp;LS;Volksspelen: tafelhockey;N39;foto8
Sporty mix and match;kamp;LS;Volksspelen: kaasspel;N39;foto8
Sporty mix and match;kamp;LS;Volksspelen: toptafel;N39;foto8
Sporty mix and match;kamp;LS;Volksspelen: mannetjesspel;N39;foto8
Sporty mix and match;kamp;LS;Volksspelen: trou madame;N39;foto8
Sporty mix and match;kamp;LS;Volksspelen: sjoelbak;N39;foto8
Sporty mix and match;kamp;LS;Volksspelen: rekker-trekker;N39;foto8
Sporty mix and match;kamp;LS;Volksspelen: Japans biljart;N39;foto8
Sporty mix and match;kamp;LS;1 KL bak clics + wieltjes;;foto8
Sporty mix and match;kamp;LS;inline skates + bescherming;;foto8
Sporty mix and match;kamp;LS;Kookbak;;foto8
Sporty mix and match;kamp;LS;Oven;;foto8
Sporty mix XL;kamp;;fotozoektocht + orientatieloop;D23;foto8
Sporty mix XL;kamp;;4x BMX;;foto8
Sporty mix XL;kamp;;2x Mountainbike;;foto8
Sporty mix XL;kamp;;8x Hooverboards;;foto8
Sporty mix XL;kamp;;4x groene quads;;foto8
Sporty mix XL;kamp;LS;3 gekke fietsen;;foto9
Sporty mix XL;kamp;LS;2x éénwieler;;foto9
Sporty mix XL;kamp;LS;2x balance bike;;foto9
Sporty mix XL;kamp;LS;4x Ezy roller;;foto9
Sporty mix XL;kamp;LS;4x grote go-cart;;foto9
Sporty mix XL;kamp;LS;2x kleine go-cart;;foto9
Sporty mix XL;kamp;LS;4x grote steps;;foto9
Sporty mix XL;kamp;LS;16 helmen;;foto9
Sporty mix XL;kamp;LS;8x rolla bolla;;foto9
Sporty mix XL;kamp;LS;2x trikes;;foto9
Sporty mix XL;kamp;LS;4x space scooter;;foto9
Sporty mix XL;kamp;LS;4x streetcarvers;;foto9
Sporty mix XL;kamp;LS;4x longboards;;foto9
Sporty mix XL;kamp;LS;4x waveboards;;foto9
Sporty mix XL;kamp;LS;8x grote skateboard;;foto9
Sporty mix XL;kamp;LS;4x klein skateboard;;foto9
Sporty mix XL;kamp;LS;2 grote springkastelen + 2 blazers;;foto9
Sporty on Wheels;kamp;LS;4x BMX;;foto9
Sporty on Wheels;kamp;LS;2x Mountainbike;;foto9
Sporty on Wheels;kamp;LS;8x Hooverboards;;foto9
Sporty on Wheels;kamp;LS;4x groene quads;;foto9
Sporty on Wheels;kamp;LS;3 gekke fietsen;;foto9
Sporty on Wheels;kamp;LS;2x éénwieler;;foto9
Sporty on Wheels;kamp;LS;2x balance bike;;foto9
Sporty on Wheels;kamp;LS;4x Ezy roller;;foto9
Sporty on Wheels;kamp;LS;4x grote go-cart;;foto9
Sporty on Wheels;kamp;LS;2x kleine go-cart;;foto9
Sporty on Wheels;kamp;LS;4x grote steps;;foto9
Sporty on Wheels;kamp;LS;2x schansen;;foto9
Sporty on Wheels;kamp;LS;16 helmen;;foto9
Sporty on Wheels;kamp;LS;8x rolla bolla;;foto9
Sporty on Wheels;kamp;LS;2x trikes;;foto9
Sporty on Wheels;kamp;LS;4x space scooter;;foto9
Sporty on Wheels;kamp;LS;2x streetcarvers;;foto9
Sporty on Wheels;kamp;LS;4x longboards;;foto9
Sporty on Wheels;kamp;LS;2x stuntstep;;foto9
Sporty on Wheels;kamp;LS;4x waveboards;;foto9
Sporty on Wheels;kamp;LS;8x grote skateboard;;foto9
Sporty on Wheels;kamp;LS;4x klein skateboard;;foto9
Sporty on Wheels;kamp;LS;20 pols-, knie- en elleboogbeschermers;;foto9
Sporty on Wheels;kamp;LS;30 paar inline skates;;foto9
Sporty on Wheels;kamp;LS;2x drift trike;;foto9
Sporty on Wheels;kamp;LS;2x skelter street;;foto9
Sporty on Wheels;kamp;LS;verkeerskoffer;;foto9
Sporty records TD;TD;;1 LS bak;K11;foto9
Sporty records TD;TD;;1 curver dominobruggen;K02;foto9
Sporty records TD;TD;;1 doosje houten blokjes;K02;foto9
Sportyfun;kamp;;1 KL Bak 1001 ballen en bellen;N20;foto9
Sportyfun;kamp;;1 LS bak - Als atleet over de meet TD;D17;foto9
Sportyfun;kamp;;1 LS bak - Circus Krokofant;G09;foto9
Sportyfun;kamp;;1 pakket wesco;;foto9
Sportyfun;kamp;;Springkasteel Cowboy;;foto9
Sportymove TD;TD;;1 LS bak;J37;foto9
Sporty'velingen;kamp;LS;boogschieten (grote houten bak + doelen);Beneden;foto9
Sporty'velingen;kamp;LS;map met spelen;Kantoor;foto9
Sporty'velingen;kamp;LS;Lasershoot en obstakels (4 KL bakken);N02;foto9
Springdieren;kamp;KL;1 KL bak;;foto9
Springdieren;kamp;KL;1 KL bak 1/1;;foto9
Springdieren themadagen TD;TD;;1 KL bak;N10;foto9
Sprookjesland TD;TD;;1 groene curver;I07;foto9
Sprookjesland TD;TD;;Themadoek TD1;TD1;foto9
Sterpuzzels;kamp;LS;2 KL bak;N15;foto9
Sticks en bats TD;TD;;1 zwarte zak 2/5 en 3/5;I51;foto9
Sticks en bats TD;TD;;1 LS bak 4/5;I59;foto9
Sticks en bats TD;TD;;1 gele zak 5/5;I70;foto9
Superhelden;kamp;KL;1 emmer 3/3;H21;foto9
Superhelden;kamp;KL;1 LS bak 1/3;H22;foto9
Superhelden;kamp;KL;1 LS bak 2/3;H59;foto9
Superhelden TD;TD;;1 groene curver;I03;foto9
Tchoukbal;kamp;12+;1 gele zak;B55;foto9
Tchoukbal;kamp;12+;3 doelen;Beneden;foto9
Techniekfabriek;kamp;KL;1 LS bak 1/2;F35;foto9
Techniekfabriek;kamp;KL;1 LS bak 2/2;F37;foto9
Terug in de tijd TD;TD;;1 groene curver;I27;foto9
Trophy;kamp;LS;1 LS bak 3/3;D23;foto9
Uch, kleine dappere indiaan;kamp;KL;1 LS bak 2/3;M02;foto9
Uch, kleine dappere indiaan;kamp;KL;1 LS bak 1/2;M03;foto9
Uch, kleine dappere indiaan;kamp;KL;1 LS bak 1/2;M04;foto9
Uch, kleine dappere indiaan;kamp;KL;10 emmers;;foto9
Uch, kleine dappere indiaan;kamp;KL;kookbak;;foto9
Uch, kleine dappere indiaan;kamp;KL;afwasbak;;foto9
Uch, kleine dappere indiaan;kamp;KL;schminkkoffer;;foto9
Uch, kleine dappere indiaan;kamp;KL;decor: Indianendorp;;foto9
Ultimate Frisbee 1;kamp;12+;1 rode curver bak;B51;foto9
Ultimate Frisbee 2;kamp;12+;1 rode curver bak;B52;foto9
Under construction;kamp;LS;Houten blokken 1/3 - 2/3 - 3/3;F32 - F47;foto9
Under construction;kamp;LS;Flipperkast - blauwe curver;F46;foto9
Under construction;kamp;LS;Teiloc - grijze curver;F48;foto9
Under construction;kamp;LS;Houten knikkerbaan - LS bak;F49;foto9
Under construction;kamp;LS;Bamboe - 7 dozen;L11 - L13;foto9
Under construction;kamp;LS;Fantasy Forts 1/2 - KL bak;N25;foto9
Under construction;kamp;LS;Fantasy Forts 2/2 - LS bak;N25;foto9
Under construction;kamp;LS;Makedo - rode curver;E02;foto9
Under construction;kamp;LS;Leonardo;;foto9
Under construction;kamp;LS;MDF platen A4 (1/knd);;foto9
Under construction;kamp;LS;grote stukken karton;;foto9
Under construction;kamp;LS;beige bak met lakens;L19;foto9
Under construction;kamp;LS;grize curver bamboe en kapla;F45;foto9
Under construction TD;TD;;1 LS bak 2/2;J05;foto9
Under construction TD;TD;;1 groene curver 1/2;J10;foto9
Under construction TD;TD;;MDF platen;;foto9
Upcycling;kamp;LS;plastiek bak 3/5;C31;foto9
Upcycling;kamp;LS;mengemmer cement 4/5;C31;foto9
Upcycling;kamp;LS;1 LS bak 1/5;C33;foto9
Upcycling;kamp;LS;1 LS bak 2/5;C35;foto9
Upcycling;kamp;LS;1 groene curver: fietsbanden 5/5;C38;foto9
Upcycling;kamp;LS;boormachine;;foto9
Upcycling;kamp;LS;pallet die de stuk mag (waar 16 plankjes uit gehaald kunnen worden);;foto9
Upcycling TD;TD;;1 LS bak + extra kartonnen doosje;J39;foto9
Van A naar B en 1 + 2;TD;;1 LS bak;K35;foto9
Van auto tot zeppelin TD;TD;;1 groene curver;K01;foto9
Van kop tot teen;kamp;KL;1 LS bak 1/2;H07;foto9
Van kop tot teen;kamp;KL;1 LS bak 2/2;H09;foto9
Van kop tot teen TD;TD;;1 groene curver;I14;foto9
Verf in alle kleuren en geuren TD;TD;;1 groene curver;I18;foto9
Verrekijkerbrillen pakket 1;kamp;10+;verrekijkerbrillen pakket 1;B31;foto9
Verrekijkerbrillen pakket 2;kamp;10+;stukken karton + 8 grote kartonnen dozen;B32;foto10
Voertuigen van A tot Z;kamp;KL;1 blauwe curver;L00;foto10
Voertuigen van A tot Z;kamp;KL;1 LS bak 2/3;L02;foto10
Voertuigen van A tot Z;kamp;KL;1 LS bak 1/3;L07;foto10
Voertuigen van A tot Z;kamp;KL;4 transportplaten (planken met wieltjes);L09;foto10
Voertuigen van A tot Z;kamp;KL;1 LS bak;L20;foto10
Voetbalacademie;kamp;LS;1 LS bak;D01;foto10
Voetbalacademie;kamp;LS;1 zwarte curver: 8 vlaggen;D12;foto10
Voetbalacademie;kamp;LS;2 KL bakken voetbal;kantoor;foto10
Voetbalacademie;kamp;LS;zak met 20 ballen;kantoor;foto10
Voetbalacademie;kamp;LS;map met fysieke testen;;foto10
Voetbalacademie;kamp;LS;pannakooi;;foto10
Voetbalacademie;kamp;LS;rebounder;;foto10
Voetbalacademie;kamp;LS;levende tafelvoetbal;;foto10
Voetbalacademie;kamp;LS;Voetgolf;;foto10
Voetbalacademie;kamp;LS;bumperballen;;foto10
Volksspelen klein materiaal;kamp;;Volksspelen (verzameling);N39;foto10
Volksspelen klein materiaal;kamp;;1 rode curver;C48;foto10
Wacko Water week;kamp;;opblaasbare waterstructuren: gijbaan;;foto10
Wacko Water week;kamp;;opblaasbare waterstructuren: groene rots;;foto10
Wacko Water week;kamp;;opblaasbare waterstructuren: oranje hond;;foto10
Wacko Water week;kamp;;opblaasbare waterstructuren: trampoline;;foto10
Wacko Water week;kamp;;2 opblaasbare waterballen;;foto10
Wacko Water week;kamp;;2x waterpolodoel;;foto10
Wacko Water week;kamp;;touwen voor attracties vast te maken;;foto10
Wacko Water week;kamp;;2x basketbal doel;;foto10
Wafels en pannenkoeken TD;TD;;1 groene curver 3/3;K03;foto10
Wafels en pannenkoeken TD;TD;;1 LS bak 1/3;K05;foto10
Wafels en pannenkoeken TD;TD;;1 LS bak 2/3;K07;foto10
Wafels en pannenkoeken TD;TD;;afwasbak;;foto10
Watch & Go;kamp;12+;1 curver;C50;foto10
Waterpret en bellen TD;TD;;1 LS bak 1/2;K17;foto10
Waterpret en bellen TD;TD;;1 LS bak 2/2;K19;foto10
We knallen er op los;kamp;LS;blauwe curver;F43;foto10
We knallen er op los;kamp;LS;1 rode curver;F44;foto10
We knallen er op los;kamp;LS;Nerf Battle (2 KL bakken);M00;foto10
We knallen er op los;kamp;LS;20 houten balken;;foto10
We knallen er op los;kamp;LS;boogschieten (grote houten bak + doelen);;foto10
We knallen er op los;kamp;LS;archery tag;;foto10
We knallen er op los;kamp;LS;opblaasstructuren;;foto10
We slaan er op los TD;TD;;1 LS bak 1/2;J31;foto10
We slaan er op los TD;TD;;1 zwarte 2/2;J42;foto10
We slaan in het rond;kamp;KL;mini badminton;G12;foto10
We slaan in het rond;kamp;KL;mini hockey;G12;foto10
We slaan in het rond;kamp;KL;1 zwarte curver bak;G13;foto10
We slaan in het rond;kamp;KL;mini tennis;kantoor;foto10
We slaan in het rond;kamp;KL;1 gele zak van croquet (mini play);L31;foto10
We zijn wij (betekom);kamp;LS;mini springsokken;F39;foto10
Weg zijn wij (betekom);kamp;;1 zwarte curver sokken Jumpsky;O18;foto10
Welkom op de boerderij;kamp;KL;1 KL koffer 2/3;H23;foto10
Welkom op de boerderij;kamp;KL;mandje met stro;H31;foto10
Welkom op de boerderij;kamp;KL;8 groene bakjes;H31;foto10
Welkom op de boerderij;kamp;KL;blauwe bak met 2 paar laarzen;H32;foto10
Welkom op de boerderij;kamp;KL;1 LS bak met verkleedkledij 3/3;H51;foto10
Welkom op de boerderij;kamp;KL;themadoek + frame;;foto10
Welkom op de boerderij TD;TD;;1 groene curver;I44;foto10
Wereldkeuken;kamp;LS;1 LS bak 1/4;E33;foto10
Wereldkeuken;kamp;LS;1 LS bak 2/4;E35;foto10
Wereldkeuken;kamp;LS;1 LS bak 3/4;E37;foto10
Wereldkeuken;kamp;LS;1 LS bak 4/4;E40;foto10
Wereldkeuken;kamp;LS;afwasbak;;foto10
Wereldkeuken;kamp;LS;Frietketel;;foto10
Wereldkeuken TD;TD;;1 groene curver;K58;foto10
Wereldkeuken TD;TD;;kookbak;;foto10
Wereldkeuken TD;TD;;afwasbak;;foto10
Wereldreizigers TD;TD;;1 LS bak 1/2;K27;foto10
Wereldreizigers TD;TD;;1 LS bak 2/2;K29;foto10
Wie wordt Homo Universalis?;kamp;LS;1 LS bak 1/3;L47;foto10
Wie wordt Homo Universalis?;kamp;LS;1 LS bak 2/3;L49;foto10
Wie wordt Homo Universalis?;kamp;LS;1 KL bak 3/3;N07;foto10
Wie wordt Homo Universalis?;kamp;LS;1 whiteboard;;foto10
Wij worden kleuterchefs TD;TD;;1 groene curver;J12;foto10
Wij worden kleuterchefs TD;TD;;2 oventjes;;foto10
Wij worden kleuterchefs TD;TD;;afwasbak;;foto10
Wij worden kleuterchefs TD;TD;;kookbak;;foto10
Wij zijn bij de brandweer TD;TD;;1 LS bak;I54;foto10
Wild van het woud;kamp;LS;1 blauwe curver bak;F57;foto10
Winterwonderland TD;TD;;1 groene curver 2/2;J46;foto10
Winterwonderland TD;TD;;1 LS bak 1/2;J47;foto10
Word verrast als gymnast;kamp;KL;1 LS bak;D25;foto10
Word verrast als gymnast;kamp;KL;1 blauwe curver 1/2;F20;foto10
Word verrast als gymnast;kamp;KL;16 bilbo's;kantoor;foto10
Woutje Astronautje;kamp;KL;4 grote zwarte doeken;O03;foto10
Woutje Astronautje;kamp;KL;4 grote zwarte doeken;B57/B59;foto10
Woutje Astronautje;kamp;KL;1 LS bak 1/2;F01;foto10
Woutje Astronautje;kamp;KL;1 LS bak 2/2;F03;foto10
Woutje Astronautje;kamp;KL;oud tentframe met blauw dak;;foto10
Woutje Astronautje;kamp;KL;grote houten raket;;foto10
Woutje Astronautje;kamp;KL;4 zware voeten voor tentframe;;foto10
You Fo;kamp;LS;1 gele zak 1/2;C51;foto10
You Fo;kamp;LS;1 gele zak 2/2;C52;foto10
Ypie fietst;kamp;;1 blauwe curver;F40;foto10
Ypie fietst;kamp;;verkeerskoffer;;foto10
Ypie fietst;kamp;;17 rode fietsjes Winther;;foto10
Ypie fietst;kamp;;kleuterfietsjes (loop- en gewone);;foto10
Ypie is vermist;kamp;KLS;16 bilbo's;E29;foto10
Ypie is vermist;kamp;KLS;1 LS bak 1/2;O26;foto10
Ypie is vermist;kamp;KLS;1 LS bak 2/2;O26;foto10